{
  "cv_folds": 5,
  "metrics": {
    "f1_macro": {
      "mean": 0.4719297799713621,
      "std": 0.03420398410392743,
      "ci_95": [
        0.44194866601674215,
        0.5019108939259821
      ]
    },
    "accuracy": {
      "mean": 0.4708333333333333,
      "std": 0.031180478223116172,
      "ci_95": [
        0.4435024391332202,
        0.49816422753344647
      ]
    },
    "auc_macro": {
      "mean": 0.798953795012419,
      "std": 0.025470642981714826,
      "ci_95": [
        0.7766277920704241,
        0.821279797954414
      ]
    }
  },
  "fold_scores": {
    "f1": [
      0.504559147561176,
      0.5122766122766123,
      0.460513468013468,
      0.41736036294859824,
      0.4649393090569561
    ],
    "accuracy": [
      0.5,
      0.5,
      0.4583333333333333,
      0.4166666666666667,
      0.4791666666666667
    ],
    "auc": [
      0.8081790123456791,
      0.8058759142334724,
      0.799526485391311,
      0.7520539302516047,
      0.8291336328400282
    ]
  },
  "per_class_f1": {
    "Control": 0.5166666666666667,
    "Breast": 0.4634146341463415,
    "CRC": 0.43373493975903615,
    "Gastric": 0.3835616438356164,
    "Liver": 0.5833333333333334,
    "Lung": 0.4594594594594595
  }
}