{
  "approach": "class_specific_hybrid",
  "meta_rule": "Use Voting for CRC/Lung, XGBoost for others",
  "cv_folds": 5,
  "performance": {
    "xgb_baseline": {
      "f1_macro_mean": 0.42922692684267777,
      "f1_macro_std": 0.041933784576863184,
      "per_class": {
        "Control": 0.5,
        "Breast": 0.45,
        "CRC": 0.4146341463414634,
        "Gastric": 0.3466666666666667,
        "Liver": 0.5106382978723404,
        "Lung": 0.3684210526315789
      },
      "fold_scores": [
        0.4313685037822969,
        0.42585200746965457,
        0.38263305322128854,
        0.4008838383838384,
        0.5053972313563105
      ]
    },
    "voting": {
      "f1_macro_mean": 0.47339605620296155,
      "f1_macro_std": 0.0654062462988414,
      "per_class": {
        "Control": 0.512396694214876,
        "Breast": 0.4819277108433735,
        "CRC": 0.45569620253164556,
        "Gastric": 0.3380281690140845,
        "Liver": 0.64,
        "Lung": 0.42105263157894735
      },
      "fold_scores": [
        0.4765520971403325,
        0.5581683022859494,
        0.40551346801346805,
        0.3948727317013762,
        0.5318736818736818
      ]
    },
    "hybrid": {
      "f1_macro_mean": 0.4649374554270791,
      "f1_macro_std": 0.05826797543168658,
      "improvement": 0.035710528584401324,
      "per_class": {
        "Control": 0.512396694214876,
        "Breast": 0.4772727272727273,
        "CRC": 0.5,
        "Gastric": 0.35443037974683544,
        "Liver": 0.56,
        "Lung": 0.4
      },
      "fold_scores": [
        0.4340954065091996,
        0.5360881067402806,
        0.40264550264550264,
        0.4174474394154028,
        0.5344108218250094
      ]
    }
  },
  "switching_stats": {
    "total_predictions": 240,
    "used_voting": 78,
    "used_xgboost": 162,
    "voting_rate": 0.325,
    "disagreement_rate": 0.2564102564102564
  },
  "statistical_test": {
    "test": "paired_t_test",
    "t_statistic": 1.8691919367637109,
    "p_value": 0.1349571969501199,
    "significant": false
  },
  "success_criteria": {
    "Hybrid F1 > 0.460": true,
    "CRC F1 > 0.40": true,
    "No class degrades >0.10": true,
    "Statistically significant (p<0.05)": false
  },
  "decision": "REVIEW"
}