{
  "approach": "class_specific_hybrid",
  "meta_rule": "Use Voting for CRC/Lung, XGBoost for others",
  "cv_folds": 5,
  "performance": {
    "xgb_baseline": {
      "f1_macro_mean": 0.4490821004648572,
      "f1_macro_std": 0.07505925734639461,
      "per_class": {
        "Control": 0.5309734513274337,
        "Breast": 0.4788732394366197,
        "CRC": 0.2926829268292683,
        "Gastric": 0.4050632911392405,
        "Liver": 0.5769230769230769,
        "Lung": 0.43373493975903615
      },
      "fold_scores": [
        0.45262237762237767,
        0.4946909758055269,
        0.49507575757575756,
        0.30293264564364303,
        0.5000887456769809
      ]
    },
    "voting": {
      "f1_macro_mean": 0.4887866511476687,
      "f1_macro_std": 0.07245538398079757,
      "per_class": {
        "Control": 0.5964912280701754,
        "Breast": 0.547945205479452,
        "CRC": 0.4,
        "Gastric": 0.379746835443038,
        "Liver": 0.5660377358490566,
        "Lung": 0.4691358024691358
      },
      "fold_scores": [
        0.5120089061265531,
        0.5033546246781541,
        0.5256642512077294,
        0.34813329372152896,
        0.5547721800043781
      ]
    },
    "hybrid": {
      "f1_macro_mean": 0.46972416586967664,
      "f1_macro_std": 0.07038154976100353,
      "improvement": 0.020642065404819443,
      "per_class": {
        "Control": 0.5689655172413793,
        "Breast": 0.4864864864864865,
        "CRC": 0.38961038961038963,
        "Gastric": 0.3950617283950617,
        "Liver": 0.5454545454545454,
        "Lung": 0.4675324675324675
      },
      "fold_scores": [
        0.47564102564102567,
        0.48480887304416714,
        0.514520202020202,
        0.33599404980983927,
        0.5376566788331494
      ]
    }
  },
  "switching_stats": {
    "total_predictions": 240,
    "used_voting": 85,
    "used_xgboost": 155,
    "voting_rate": 0.3541666666666667,
    "disagreement_rate": 0.18823529411764706
  },
  "statistical_test": {
    "test": "paired_t_test",
    "t_statistic": 2.485433900139582,
    "p_value": 0.06781514400299508,
    "significant": false
  },
  "success_criteria": {
    "Hybrid F1 > 0.460": true,
    "CRC F1 > 0.40": false,
    "No class degrades >0.10": true,
    "Statistically significant (p<0.05)": false
  },
  "decision": "REVIEW"
}