{
  "alpha_values": [
    0.3,
    0.5,
    0.6,
    0.7,
    0.8,
    0.9
  ],
  "results": {
    "0.3": {
      "f1_macro_mean": 0.43905456292399825,
      "f1_macro_std": 0.019747783989150055,
      "crc_mean": 0.3886480908152735,
      "gastric_mean": 0.34192982456140353,
      "fold_scores": [
        0.42485162647434455,
        0.4746523542963172,
        0.425,
        0.4240601503759398,
        0.4467086834733893
      ]
    },
    "0.5": {
      "f1_macro_mean": 0.4471709763118431,
      "f1_macro_std": 0.0356139255365891,
      "crc_mean": 0.41602167182662536,
      "gastric_mean": 0.31697478991596634,
      "fold_scores": [
        0.43119429590017827,
        0.473697761933056,
        0.40461570593149543,
        0.4240601503759398,
        0.5022869674185463
      ]
    },
    "0.6": {
      "f1_macro_mean": 0.4500231596748625,
      "f1_macro_std": 0.04084415462780867,
      "crc_mean": 0.4254127966976265,
      "gastric_mean": 0.33217432722076684,
      "fold_scores": [
        0.436096256684492,
        0.4941942646277013,
        0.396221322537112,
        0.42291714133819397,
        0.5006868131868132
      ]
    },
    "0.7": {
      "f1_macro_mean": 0.4538931287151102,
      "f1_macro_std": 0.03620834649159494,
      "crc_mean": 0.4328431372549019,
      "gastric_mean": 0.3279638009049774,
      "fold_scores": [
        0.436096256684492,
        0.4941942646277013,
        0.41581196581196583,
        0.42267634326457854,
        0.5006868131868132
      ]
    },
    "0.8": {
      "f1_macro_mean": 0.4748839069427305,
      "f1_macro_std": 0.043520334466687814,
      "crc_mean": 0.447843137254902,
      "gastric_mean": 0.3723076923076923,
      "fold_scores": [
        0.4765520971403325,
        0.54005439005439,
        0.4400326797385621,
        0.4170935545935545,
        0.5006868131868132
      ]
    },
    "0.9": {
      "f1_macro_mean": 0.47156930731234137,
      "f1_macro_std": 0.05607374422517109,
      "crc_mean": 0.45546218487394957,
      "gastric_mean": 0.34336313840957805,
      "fold_scores": [
        0.4765520971403325,
        0.5581683022859494,
        0.40551346801346805,
        0.41692585593514386,
        0.5006868131868132
      ]
    }
  },
  "best_alpha": 0.8,
  "best_f1": 0.4748839069427305,
  "voting_baseline": 0.473,
  "improvement": 0.001883906942730551
}