{
  "model": "Option 6: Voting + Specialists",
  "alpha": 0.8,
  "cv_folds": 5,
  "metrics": {
    "f1_macro": {
      "mean": 0.4748839069427305,
      "std": 0.043520334466687814,
      "ci_95": [
        0.43673665184448246,
        0.5130311620409786
      ]
    },
    "accuracy": {
      "mean": 0.4708333333333334,
      "std": 0.04677071733467427,
      "ci_95": [
        0.42983699203316367,
        0.511829674633503
      ]
    },
    "auc_macro": {
      "mean": 0.7941709492702709,
      "std": 0.026151463768307306,
      "ci_95": [
        0.7712481805970242,
        0.8170937179435176
      ]
    }
  },
  "fold_scores": {
    "f1": [
      0.4765520971403325,
      0.54005439005439,
      0.4400326797385621,
      0.4170935545935545,
      0.5006868131868132
    ],
    "accuracy": [
      0.4791666666666667,
      0.5208333333333334,
      0.4166666666666667,
      0.4166666666666667,
      0.5208333333333334
    ],
    "auc": [
      0.795679012345679,
      0.8015783324286231,
      0.790521315448641,
      0.7507019836961697,
      0.832374102432242
    ]
  },
  "per_class_f1": {
    "Control": 0.5166666666666667,
    "Breast": 0.4634146341463415,
    "CRC": 0.4444444444444444,
    "Gastric": 0.3783783783783784,
    "Liver": 0.6382978723404256,
    "Lung": 0.42105263157894735
  }
}