{
  "phase": "Phase 1 - Baseline",
  "cv_folds": 5,
  "performance_floor": 0.4,
  "models": {
    "Logistic Regression (L2)": {
      "accuracy_mean": 0.425,
      "accuracy_std": 0.04082482904638631,
      "f1_macro_mean": 0.4217270791257869,
      "f1_macro_std": 0.04482906709243729,
      "f1_weighted_mean": 0.41529703208790225,
      "f1_weighted_std": 0.04066527802382458,
      "f1_per_class": {
        "Control": 0.5081967213114754,
        "Breast": 0.4367816091954023,
        "CRC": 0.3611111111111111,
        "Gastric": 0.1917808219178082,
        "Liver": 0.5909090909090909,
        "Lung": 0.4634146341463415
      },
      "cv_scores": [
        0.40574294986059695,
        0.5046793785924221,
        0.38140187699011224,
        0.38683473389355744,
        0.42997645629224573
      ]
    },
    "Random Forest": {
      "accuracy_mean": 0.425,
      "accuracy_std": 0.03864007706456544,
      "f1_macro_mean": 0.4210463447228153,
      "f1_macro_std": 0.0525187595448291,
      "f1_weighted_mean": 0.41030277456748043,
      "f1_weighted_std": 0.042734675990013106,
      "f1_per_class": {
        "Control": 0.4788732394366197,
        "Breast": 0.43037974683544306,
        "CRC": 0.4594594594594595,
        "Gastric": 0.27692307692307694,
        "Liver": 0.5957446808510638,
        "Lung": 0.3013698630136986
      },
      "cv_scores": [
        0.4909062342885872,
        0.4696428571428572,
        0.3464405964405965,
        0.3958333333333333,
        0.40240870240870236
      ]
    },
    "SVM (Linear)": {
      "accuracy_mean": 0.4125,
      "accuracy_std": 0.04249182927993988,
      "f1_macro_mean": 0.39559171765054113,
      "f1_macro_std": 0.04991343028668373,
      "f1_weighted_mean": 0.3999622082710318,
      "f1_weighted_std": 0.04920080816004575,
      "f1_per_class": {
        "Control": 0.48484848484848486,
        "Breast": 0.43373493975903615,
        "CRC": 0.3684210526315789,
        "Gastric": 0.23684210526315788,
        "Liver": 0.42105263157894735,
        "Lung": 0.48
      },
      "cv_scores": [
        0.3268613739201974,
        0.463034188034188,
        0.36402116402116397,
        0.3833166833166833,
        0.4407251789604731
      ]
    },
    "SVM (RBF)": {
      "accuracy_mean": 0.4416666666666667,
      "accuracy_std": 0.035843021946010946,
      "f1_macro_mean": 0.43870535638372454,
      "f1_macro_std": 0.04930392684024574,
      "f1_weighted_mean": 0.43560091870670614,
      "f1_weighted_std": 0.04898584021003597,
      "f1_per_class": {
        "Control": 0.5190839694656488,
        "Breast": 0.39436619718309857,
        "CRC": 0.4675324675324675,
        "Gastric": 0.2619047619047619,
        "Liver": 0.5641025641025641,
        "Lung": 0.46153846153846156
      },
      "cv_scores": [
        0.35418160095579454,
        0.43875816993464056,
        0.4266345582522053,
        0.49708216619981327,
        0.4768702865761689
      ]
    },
    "KNN (k=5)": {
      "accuracy_mean": 0.4041666666666666,
      "accuracy_std": 0.021245914639969943,
      "f1_macro_mean": 0.39138546991746165,
      "f1_macro_std": 0.013959676371734286,
      "f1_weighted_mean": 0.385229280833641,
      "f1_weighted_std": 0.011716769894832934,
      "f1_per_class": {
        "Control": 0.45714285714285713,
        "Breast": 0.43956043956043955,
        "CRC": 0.4,
        "Gastric": 0.1016949152542373,
        "Liver": 0.5365853658536586,
        "Lung": 0.43243243243243246
      },
      "cv_scores": [
        0.4171341816078658,
        0.38015873015873014,
        0.3952907658790012,
        0.3817887268867661,
        0.38255494505494503
      ]
    },
    "XGBoost": {
      "accuracy_mean": 0.4208333333333333,
      "accuracy_std": 0.05,
      "f1_macro_mean": 0.4206074610442627,
      "f1_macro_std": 0.050257486991772946,
      "f1_weighted_mean": 0.41431722953663996,
      "f1_weighted_std": 0.04682025343815988,
      "f1_per_class": {
        "Control": 0.48333333333333334,
        "Breast": 0.4578313253012048,
        "CRC": 0.4,
        "Gastric": 0.32,
        "Liver": 0.5333333333333333,
        "Lung": 0.34146341463414637
      },
      "cv_scores": [
        0.5122531063707535,
        0.4007131354957442,
        0.3740307196828936,
        0.382057757057757,
        0.43398258661416556
      ]
    }
  },
  "ranking": [
    "SVM (RBF)",
    "Logistic Regression (L2)",
    "Random Forest",
    "XGBoost",
    "SVM (Linear)",
    "KNN (k=5)"
  ],
  "best_model": "SVM (RBF)",
  "best_f1_macro": 0.43870535638372454,
  "below_floor_models": [
    "SVM (Linear)",
    "KNN (k=5)"
  ],
  "test_sanity_check": {
    "model": "SVM (RBF)",
    "accuracy": 0.4166666666666667,
    "f1_macro": 0.41592442645074224,
    "cv_test_gap": 0.022780929932982308
  }
}