{
  "model": "Voting Ensemble (Soft)",
  "version": "v2",
  "base_models": {
    "LogReg": {
      "C": 0.1
    },
    "SVM_RBF": {
      "C": 10.0,
      "gamma": "scale"
    },
    "RandomForest": {
      "max_depth": 10,
      "min_samples_leaf": 5,
      "n_estimators": 200
    },
    "XGBoost": {
      "learning_rate": 0.1,
      "max_depth": 5,
      "n_estimators": 200,
      "subsample": 0.8
    }
  },
  "voting_method": "soft (average probabilities)",
  "performance": {
    "f1_macro": 0.4887866511476687,
    "f1_macro_std": 0.07245538398079757,
    "per_class_f1": {
      "Control": 0.5964912280701754,
      "Breast": 0.547945205479452,
      "CRC": 0.4,
      "Gastric": 0.379746835443038,
      "Liver": 0.5660377358490566,
      "Lung": 0.4691358024691358
    },
    "fold_scores": [
      0.5120089061265531,
      0.5033546246781541,
      0.5256642512077294,
      0.34813329372152896,
      0.5547721800043781
    ]
  },
  "comparison_vs_xgboost": {
    "xgboost_f1": 0.4490821004648572,
    "voting_f1": 0.4887866511476687,
    "improvement": 0.039704550682811535,
    "improvement_pct": 8.841267697312421
  },
  "statistical_validation": {
    "permutation_test": "inherited from XGBoost (p=0.001)",
    "note": "Voting uses same features, similar statistical validity"
  },
  "notes": {
    "low_confidence_threshold": 0.4,
    "recommendation": "Flag predictions with confidence < 0.4 for manual review"
  }
}