{
  "phase": "Phase 1 - Baseline",
  "cv_folds": 5,
  "performance_floor": 0.4,
  "models": {
    "Logistic Regression (L2)": {
      "accuracy_mean": 0.4458333333333333,
      "accuracy_std": 0.02825970826302196,
      "f1_macro_mean": 0.4232329627143868,
      "f1_macro_std": 0.03118632468480495,
      "f1_weighted_mean": 0.43060698901861905,
      "f1_weighted_std": 0.02320730906033348,
      "f1_per_class": {
        "Control": 0.5833333333333334,
        "Breast": 0.5060240963855421,
        "CRC": 0.3835616438356164,
        "Gastric": 0.1917808219178082,
        "Liver": 0.4090909090909091,
        "Lung": 0.4827586206896552
      },
      "cv_scores": [
        0.4787878787878788,
        0.4282213675806353,
        0.40940751459495567,
        0.38455608718766615,
        0.41519196542079845
      ]
    },
    "Random Forest": {
      "accuracy_mean": 0.4375,
      "accuracy_std": 0.06038073644245601,
      "f1_macro_mean": 0.41285912888854065,
      "f1_macro_std": 0.0735976999427098,
      "f1_weighted_mean": 0.4182811374355492,
      "f1_weighted_std": 0.05569561848932451,
      "f1_per_class": {
        "Control": 0.5161290322580645,
        "Breast": 0.4,
        "CRC": 0.3380281690140845,
        "Gastric": 0.2857142857142857,
        "Liver": 0.43902439024390244,
        "Lung": 0.5652173913043478
      },
      "cv_scores": [
        0.4757936507936507,
        0.386472323972324,
        0.34843604108309995,
        0.33222610722610724,
        0.5213675213675213
      ]
    },
    "SVM (Linear)": {
      "accuracy_mean": 0.4208333333333333,
      "accuracy_std": 0.03061862178478973,
      "f1_macro_mean": 0.3893693911651308,
      "f1_macro_std": 0.03012759208360166,
      "f1_weighted_mean": 0.4019512391620233,
      "f1_weighted_std": 0.038161193757985386,
      "f1_per_class": {
        "Control": 0.53125,
        "Breast": 0.4578313253012048,
        "CRC": 0.41025641025641024,
        "Gastric": 0.23076923076923078,
        "Liver": 0.3157894736842105,
        "Lung": 0.4533333333333333
      },
      "cv_scores": [
        0.38581341000695835,
        0.44067460317460316,
        0.40091107149930677,
        0.36085812755504226,
        0.3585897435897436
      ]
    },
    "SVM (RBF)": {
      "accuracy_mean": 0.4583333333333333,
      "accuracy_std": 0.07095577652469333,
      "f1_macro_mean": 0.4187852446949276,
      "f1_macro_std": 0.10142298179932299,
      "f1_weighted_mean": 0.4272122196994889,
      "f1_weighted_std": 0.09100014589376103,
      "f1_per_class": {
        "Control": 0.5866666666666667,
        "Breast": 0.3870967741935484,
        "CRC": 0.28125,
        "Gastric": 0.38636363636363635,
        "Liver": 0.47368421052631576,
        "Lung": 0.48717948717948717
      },
      "cv_scores": [
        0.38591617933723193,
        0.43536833536833536,
        0.47942852354617066,
        0.24591429130635922,
        0.547298893916541
      ]
    },
    "KNN (k=5)": {
      "accuracy_mean": 0.3375,
      "accuracy_std": 0.06897060565519521,
      "f1_macro_mean": 0.30934353641717405,
      "f1_macro_std": 0.07058654369508405,
      "f1_weighted_mean": 0.31129401732638357,
      "f1_weighted_std": 0.06822120526306999,
      "f1_per_class": {
        "Control": 0.4539877300613497,
        "Breast": 0.3142857142857143,
        "CRC": 0.2153846153846154,
        "Gastric": 0.15789473684210525,
        "Liver": 0.43902439024390244,
        "Lung": 0.3384615384615385
      },
      "cv_scores": [
        0.2701058201058201,
        0.2680995475113122,
        0.38591778591778586,
        0.2224142345110087,
        0.4001802940399432
      ]
    },
    "XGBoost": {
      "accuracy_mean": 0.4083333333333333,
      "accuracy_std": 0.05204164998665332,
      "f1_macro_mean": 0.3948497891154937,
      "f1_macro_std": 0.04593929785206721,
      "f1_weighted_mean": 0.3955766168764895,
      "f1_weighted_std": 0.04546564110267951,
      "f1_per_class": {
        "Control": 0.4247787610619469,
        "Breast": 0.43037974683544306,
        "CRC": 0.38202247191011235,
        "Gastric": 0.2465753424657534,
        "Liver": 0.37209302325581395,
        "Lung": 0.5542168674698795
      },
      "cv_scores": [
        0.4246380631105489,
        0.40765160765160763,
        0.30424836601307187,
        0.4272132594501015,
        0.41049764935213845
      ]
    }
  },
  "ranking": [
    "Logistic Regression (L2)",
    "SVM (RBF)",
    "Random Forest",
    "XGBoost",
    "SVM (Linear)",
    "KNN (k=5)"
  ],
  "best_model": "Logistic Regression (L2)",
  "best_f1_macro": 0.4232329627143868,
  "below_floor_models": [
    "SVM (Linear)",
    "KNN (k=5)",
    "XGBoost"
  ],
  "test_sanity_check": {
    "model": "Logistic Regression (L2)",
    "accuracy": 0.38333333333333336,
    "f1_macro": 0.3811168406756642,
    "cv_test_gap": 0.042116122038722614
  }
}