{
  "soft_voting": {
    "f1_macro_mean": 0.4412183404830463,
    "f1_macro_std": 0.11599287993856149,
    "f1_per_class": [
      0.5217391304347826,
      0.42857142857142855,
      0.47058823529411764,
      0.32,
      0.5185185185185185,
      0.4691358024691358
    ],
    "fold_scores": [
      0.625,
      0.5025641025641024,
      0.577020202020202,
      0.444083694083694,
      0.31285403050108934,
      0.3814814814814815,
      0.2537037037037037,
      0.32857142857142857,
      0.44246031746031744,
      0.5444444444444444
    ],
    "predictions": [
      4,
      2,
      3,
      2,
      0,
      4,
      0,
      0,
      3,
      2,
      1,
      0,
      3,
      5,
      1,
      4,
      1,
      0,
      0,
      3,
      0,
      0,
      2,
      2,
      5,
      1,
      4,
      3,
      5,
      5,
      0,
      2,
      3,
      2,
      2,
      2,
      4,
      5,
      4,
      3,
      5,
      4,
      4,
      4,
      2,
      0,
      5,
      5,
      1,
      3,
      1,
      2,
      5,
      5,
      5,
      3,
      0,
      3,
      0,
      5,
      3,
      4,
      2,
      0,
      3,
      0,
      5,
      5,
      2,
      1,
      5,
      0,
      2,
      2,
      5,
      2,
      1,
      0,
      0,
      1,
      2,
      0,
      1,
      0,
      4,
      0,
      3,
      5,
      0,
      0,
      5,
      4,
      1,
      2,
      0,
      0,
      2,
      2,
      2,
      0,
      1,
      3,
      1,
      4,
      1,
      2,
      0,
      1,
      2,
      3,
      3,
      0,
      4,
      2,
      4,
      4,
      0,
      0,
      0,
      2,
      5,
      0,
      0,
      4,
      0,
      5,
      5,
      1,
      2,
      5,
      2,
      3,
      0,
      0,
      2,
      5,
      2,
      0,
      5,
      5,
      0,
      4,
      2,
      1,
      5,
      4,
      4,
      1,
      2,
      3,
      3,
      5,
      3,
      0,
      0,
      1,
      0,
      0,
      1,
      5,
      1,
      5,
      0,
      3,
      0,
      4,
      5,
      3,
      0,
      1,
      5,
      3,
      5,
      0,
      3,
      5,
      3,
      1,
      2,
      4,
      0,
      5,
      3,
      3,
      4,
      1,
      2,
      5,
      0,
      2,
      0,
      1,
      1,
      4,
      4,
      1,
      5,
      2,
      3,
      5,
      3,
      0,
      0,
      2,
      2,
      0,
      2,
      0,
      3,
      0,
      2,
      3,
      4,
      0,
      0,
      1,
      3,
      1,
      4,
      4,
      5,
      2,
      2,
      0,
      0,
      5,
      2,
      2,
      4,
      0,
      2,
      5,
      0,
      3,
      1,
      4,
      5,
      2,
      3,
      3
    ]
  },
  "stacking": {
    "f1_macro_mean": 0.4134896584896584,
    "f1_macro_std": 0.11336247890994895,
    "f1_per_class": [
      0.5454545454545454,
      0.4691358024691358,
      0.30985915492957744,
      0.2647058823529412,
      0.5172413793103449,
      0.45652173913043476
    ],
    "fold_scores": [
      0.5559523809523809,
      0.49894179894179885,
      0.6083694083694083,
      0.3111471861471861,
      0.29034391534391535,
      0.36720779220779215,
      0.27037037037037037,
      0.32251082251082247,
      0.4933862433862433,
      0.4166666666666667
    ],
    "predictions": [
      4,
      5,
      1,
      5,
      1,
      4,
      0,
      3,
      3,
      2,
      1,
      0,
      3,
      5,
      1,
      4,
      1,
      0,
      1,
      3,
      0,
      0,
      0,
      2,
      2,
      1,
      4,
      1,
      5,
      5,
      0,
      2,
      3,
      2,
      2,
      2,
      4,
      5,
      4,
      1,
      5,
      4,
      4,
      5,
      2,
      0,
      5,
      5,
      1,
      5,
      1,
      1,
      4,
      5,
      5,
      3,
      0,
      1,
      1,
      5,
      3,
      3,
      2,
      0,
      3,
      0,
      5,
      2,
      5,
      1,
      5,
      0,
      2,
      1,
      5,
      2,
      1,
      2,
      0,
      1,
      0,
      2,
      5,
      0,
      4,
      0,
      1,
      5,
      3,
      0,
      5,
      4,
      1,
      5,
      0,
      0,
      1,
      0,
      5,
      0,
      1,
      4,
      1,
      4,
      1,
      5,
      5,
      4,
      2,
      4,
      0,
      0,
      4,
      2,
      4,
      4,
      0,
      0,
      0,
      1,
      5,
      0,
      0,
      4,
      0,
      5,
      5,
      1,
      2,
      5,
      0,
      3,
      0,
      1,
      4,
      5,
      5,
      3,
      5,
      5,
      0,
      4,
      2,
      1,
      5,
      4,
      4,
      1,
      2,
      3,
      3,
      5,
      1,
      0,
      0,
      1,
      0,
      0,
      1,
      5,
      1,
      5,
      2,
      3,
      0,
      4,
      5,
      3,
      5,
      1,
      5,
      3,
      5,
      0,
      3,
      5,
      3,
      1,
      2,
      4,
      0,
      5,
      3,
      3,
      4,
      1,
      0,
      5,
      0,
      2,
      5,
      0,
      2,
      4,
      4,
      1,
      2,
      5,
      3,
      5,
      3,
      0,
      0,
      5,
      5,
      0,
      2,
      0,
      3,
      0,
      2,
      3,
      4,
      0,
      0,
      1,
      3,
      1,
      4,
      4,
      5,
      2,
      2,
      0,
      0,
      5,
      2,
      2,
      4,
      0,
      0,
      5,
      0,
      3,
      1,
      4,
      2,
      1,
      4,
      3
    ]
  }
}