{
  "LogisticRegression": {
    "f1_macro_mean": 0.417358835121993,
    "f1_macro_std": 0.06892613396205106,
    "f1_per_class": [
      0.5094339622641509,
      0.45454545454545453,
      0.379746835443038,
      0.21052631578947367,
      0.47058823529411764,
      0.5
    ],
    "best_params": {
      "C": 0.1
    },
    "predictions": [
      4,
      2,
      1,
      5,
      1,
      2,
      0,
      0,
      3,
      3,
      1,
      0,
      3,
      5,
      1,
      3,
      1,
      0,
      1,
      2,
      0,
      0,
      0,
      2,
      1,
      1,
      4,
      1,
      0,
      3,
      0,
      1,
      3,
      1,
      2,
      1,
      5,
      0,
      4,
      1,
      5,
      4,
      4,
      5,
      2,
      2,
      4,
      5,
      1,
      5,
      3,
      2,
      5,
      5,
      5,
      3,
      3,
      3,
      3,
      5,
      3,
      5,
      1,
      0,
      3,
      0,
      5,
      2,
      5,
      1,
      0,
      0,
      2,
      2,
      5,
      2,
      1,
      2,
      0,
      0,
      2,
      0,
      5,
      0,
      4,
      2,
      1,
      5,
      4,
      0,
      5,
      3,
      1,
      5,
      3,
      1,
      2,
      3,
      2,
      2,
      1,
      3,
      3,
      4,
      1,
      2,
      5,
      4,
      2,
      3,
      3,
      0,
      0,
      2,
      4,
      4,
      0,
      3,
      0,
      1,
      5,
      0,
      1,
      4,
      1,
      5,
      2,
      1,
      2,
      0,
      0,
      2,
      0,
      5,
      2,
      5,
      0,
      4,
      5,
      5,
      0,
      4,
      1,
      1,
      5,
      4,
      4,
      1,
      2,
      1,
      2,
      0,
      2,
      0,
      1,
      1,
      0,
      0,
      1,
      2,
      0,
      5,
      1,
      1,
      0,
      4,
      5,
      3,
      0,
      0,
      5,
      3,
      5,
      3,
      3,
      5,
      3,
      2,
      2,
      4,
      3,
      5,
      1,
      3,
      4,
      1,
      0,
      5,
      0,
      2,
      0,
      0,
      1,
      4,
      4,
      1,
      4,
      5,
      1,
      5,
      3,
      1,
      0,
      2,
      5,
      0,
      2,
      0,
      2,
      3,
      0,
      3,
      3,
      1,
      3,
      1,
      0,
      1,
      3,
      4,
      5,
      2,
      2,
      1,
      0,
      5,
      2,
      2,
      4,
      0,
      0,
      5,
      0,
      4,
      1,
      4,
      1,
      1,
      3,
      3
    ]
  },
  "SVM_Linear": {
    "f1_macro_mean": 0.38310474971452224,
    "f1_macro_std": 0.0712402377212399,
    "f1_per_class": [
      0.47863247863247865,
      0.3855421686746988,
      0.34146341463414637,
      0.21333333333333335,
      0.5416666666666666,
      0.4
    ],
    "best_params": {
      "C": 0.1
    },
    "predictions": [
      4,
      2,
      2,
      5,
      1,
      2,
      0,
      0,
      3,
      0,
      1,
      0,
      3,
      1,
      1,
      3,
      1,
      0,
      0,
      2,
      0,
      0,
      0,
      2,
      5,
      1,
      4,
      3,
      5,
      5,
      0,
      1,
      3,
      1,
      2,
      1,
      1,
      5,
      4,
      1,
      5,
      2,
      4,
      5,
      2,
      0,
      2,
      3,
      1,
      5,
      3,
      2,
      5,
      5,
      5,
      2,
      0,
      3,
      0,
      5,
      3,
      4,
      2,
      0,
      3,
      4,
      5,
      2,
      5,
      0,
      0,
      0,
      2,
      2,
      5,
      2,
      1,
      1,
      0,
      3,
      2,
      2,
      0,
      0,
      4,
      2,
      1,
      5,
      4,
      0,
      1,
      3,
      1,
      5,
      0,
      0,
      2,
      3,
      2,
      2,
      1,
      3,
      3,
      4,
      2,
      2,
      0,
      4,
      2,
      2,
      3,
      3,
      0,
      1,
      4,
      4,
      0,
      0,
      0,
      1,
      5,
      3,
      1,
      4,
      0,
      5,
      5,
      1,
      2,
      0,
      0,
      2,
      0,
      3,
      3,
      5,
      0,
      0,
      4,
      5,
      0,
      4,
      1,
      1,
      5,
      4,
      4,
      1,
      2,
      1,
      2,
      3,
      2,
      0,
      1,
      1,
      0,
      0,
      1,
      2,
      0,
      5,
      0,
      3,
      0,
      2,
      5,
      3,
      0,
      1,
      3,
      3,
      0,
      0,
      3,
      5,
      3,
      0,
      1,
      4,
      0,
      5,
      1,
      3,
      4,
      3,
      0,
      5,
      0,
      2,
      0,
      3,
      1,
      4,
      0,
      1,
      2,
      5,
      1,
      5,
      0,
      0,
      2,
      2,
      2,
      3,
      2,
      0,
      0,
      0,
      5,
      3,
      3,
      1,
      3,
      1,
      0,
      1,
      4,
      4,
      5,
      2,
      2,
      1,
      0,
      5,
      2,
      0,
      4,
      0,
      0,
      5,
      0,
      1,
      1,
      4,
      1,
      1,
      3,
      5
    ]
  },
  "SVM_RBF": {
    "f1_macro_mean": 0.3895161758319653,
    "f1_macro_std": 0.042364143884232035,
    "f1_per_class": [
      0.46296296296296297,
      0.3076923076923077,
      0.375,
      0.24691358024691357,
      0.5306122448979592,
      0.4523809523809524
    ],
    "best_params": {
      "C": 10.0,
      "gamma": "scale"
    },
    "predictions": [
      3,
      2,
      0,
      2,
      0,
      5,
      0,
      4,
      3,
      3,
      2,
      0,
      3,
      3,
      2,
      4,
      1,
      0,
      1,
      2,
      0,
      2,
      0,
      5,
      1,
      1,
      4,
      1,
      5,
      3,
      0,
      2,
      0,
      2,
      2,
      1,
      5,
      2,
      3,
      0,
      5,
      3,
      2,
      5,
      2,
      1,
      4,
      5,
      1,
      5,
      1,
      2,
      2,
      5,
      3,
      3,
      0,
      2,
      3,
      5,
      1,
      1,
      2,
      0,
      3,
      0,
      5,
      0,
      2,
      3,
      5,
      0,
      2,
      2,
      2,
      2,
      1,
      2,
      0,
      1,
      1,
      0,
      4,
      0,
      4,
      0,
      1,
      5,
      0,
      0,
      5,
      4,
      1,
      5,
      5,
      1,
      2,
      3,
      3,
      5,
      1,
      3,
      4,
      4,
      3,
      5,
      3,
      1,
      2,
      2,
      3,
      0,
      3,
      1,
      4,
      4,
      0,
      0,
      1,
      1,
      5,
      0,
      0,
      4,
      0,
      5,
      0,
      3,
      2,
      3,
      0,
      4,
      0,
      5,
      4,
      5,
      2,
      0,
      4,
      5,
      0,
      4,
      2,
      1,
      5,
      4,
      1,
      1,
      1,
      3,
      1,
      5,
      3,
      0,
      1,
      1,
      0,
      0,
      2,
      5,
      5,
      1,
      0,
      3,
      0,
      5,
      0,
      4,
      5,
      0,
      5,
      5,
      3,
      0,
      3,
      2,
      3,
      1,
      1,
      4,
      3,
      5,
      3,
      3,
      4,
      1,
      2,
      5,
      0,
      2,
      5,
      0,
      5,
      4,
      4,
      3,
      1,
      2,
      3,
      5,
      3,
      0,
      2,
      5,
      2,
      0,
      2,
      5,
      3,
      0,
      5,
      3,
      3,
      1,
      0,
      1,
      0,
      3,
      4,
      4,
      5,
      2,
      2,
      0,
      0,
      3,
      3,
      0,
      2,
      5,
      0,
      5,
      0,
      3,
      1,
      5,
      1,
      2,
      4,
      5
    ]
  },
  "RandomForest": {
    "f1_macro_mean": 0.40848974755321504,
    "f1_macro_std": 0.03995038245655082,
    "f1_per_class": [
      0.3963963963963964,
      0.4578313253012048,
      0.3783783783783784,
      0.3037974683544304,
      0.5423728813559322,
      0.3783783783783784
    ],
    "best_params": {
      "max_depth": 10,
      "min_samples_leaf": 5,
      "n_estimators": 200
    },