{
  "architecture": "Voting v3 + CRC/Gastric Specialists",
  "base_model": "voting_models_v3_notuned_xgb_rf.pkl",
  "feature_set": "v3",
  "cv_folds": 5,
  "alpha_values_tested": [
    0.5,
    0.6,
    0.7,
    0.8,
    0.9
  ],
  "best_alpha": 0.8,
  "voting_baseline": {
    "f1_macro_mean": 0.47339605620296155,
    "f1_macro_std": 0.0654062462988414,
    "per_class": {
      "Control": 0.512396694214876,
      "Breast": 0.4819277108433735,
      "CRC": 0.45569620253164556,
      "Gastric": 0.3380281690140845,
      "Liver": 0.64,
      "Lung": 0.42105263157894735
    },
    "fold_scores": [
      0.4765520971403325,
      0.5581683022859494,
      0.40551346801346805,
      0.3948727317013762,
      0.5318736818736818
    ]
  },
  "alpha_results": {
    "0.5": {
      "f1_macro_mean": 0.4471709763118431,
      "f1_macro_std": 0.0356139255365891,
      "per_class": {
        "Control": 0.5254237288135594,
        "Breast": 0.4155844155844156,
        "CRC": 0.4090909090909091,
        "Gastric": 0.34210526315789475,
        "Liver": 0.6521739130434783,
        "Lung": 0.37333333333333335
      },
      "fold_scores": [
        0.43119429590017827,
        0.473697761933056,
        0.40461570593149543,
        0.4240601503759398,
        0.5022869674185463
      ],
      "improvement": -0.02622507989111844
    },
    "0.6": {
      "f1_macro_mean": 0.4500231596748625,
      "f1_macro_std": 0.04084415462780867,
      "per_class": {
        "Control": 0.5166666666666667,
        "Breast": 0.43037974683544306,
        "CRC": 0.4186046511627907,
        "Gastric": 0.35135135135135137,
        "Liver": 0.6382978723404256,
        "Lung": 0.3783783783783784
      },
      "fold_scores": [
        0.436096256684492,
        0.4941942646277013,
        0.396221322537112,
        0.42291714133819397,
        0.5006868131868132
      ],
      "improvement": -0.02337289652809904
    },
    "0.7": {
      "f1_macro_mean": 0.4538931287151102,
      "f1_macro_std": 0.03620834649159494,
      "per_class": {
        "Control": 0.5166666666666667,
        "Breast": 0.45,
        "CRC": 0.42857142857142855,
        "Gastric": 0.3466666666666667,
        "Liver": 0.6382978723404256,
        "Lung": 0.3783783783783784
      },
      "fold_scores": [
        0.436096256684492,
        0.4941942646277013,
        0.41581196581196583,
        0.42267634326457854,
        0.5006868131868132
      ],
      "improvement": -0.019502927487851374
    },
    "0.8": {
      "f1_macro_mean": 0.4748839069427305,
      "f1_macro_std": 0.043520334466687814,
      "per_class": {
        "Control": 0.5166666666666667,
        "Breast": 0.4634146341463415,
        "CRC": 0.4444444444444444,
        "Gastric": 0.3783783783783784,
        "Liver": 0.6382978723404256,
        "Lung": 0.42105263157894735
      },
      "fold_scores": [
        0.4765520971403325,
        0.54005439005439,
        0.4400326797385621,
        0.4170935545935545,
        0.5006868131868132
      ],
      "improvement": 0.001487850739768981
    },
    "0.9": {
      "f1_macro_mean": 0.47156930731234137,
      "f1_macro_std": 0.05607374422517109,
      "per_class": {
        "Control": 0.5166666666666667,
        "Breast": 0.4819277108433735,
        "CRC": 0.45,
        "Gastric": 0.3561643835616438,
        "Liver": 0.625,
        "Lung": 0.42105263157894735
      },
      "fold_scores": [
        0.4765520971403325,
        0.5581683022859494,
        0.40551346801346805,
        0.41692585593514386,
        0.5006868131868132
      ],
      "improvement": -0.0018267488906201779
    }
  },
  "best_result": {
    "alpha": 0.8,
    "f1_macro_mean": 0.4748839069427305,
    "f1_macro_std": 0.043520334466687814,
    "per_class": {
      "Control": 0.5166666666666667,
      "Breast": 0.4634146341463415,
      "CRC": 0.4444444444444444,
      "Gastric": 0.3783783783783784,
      "Liver": 0.6382978723404256,
      "Lung": 0.42105263157894735
    },
    "improvement": 0.001487850739768981
  },
  "statistical_test": {
    "test": "paired_t_test",
    "alpha_tested": 0.8,
    "t_statistic": 0.1219917226155129,
    "p_value": 0.9087887727852426,
    "significant": false
  }
}