{
  "architecture": "Voting + CRC/Gastric Specialists",
  "fusion_weight_alpha": 0.5,
  "cv_folds": 5,
  "performance": {
    "voting_only": {
      "f1_macro_mean": 0.4887866511476687,
      "f1_macro_std": 0.07245538398079757,
      "per_class": {
        "Control": 0.5964912280701754,
        "Breast": 0.547945205479452,
        "CRC": 0.4,
        "Gastric": 0.379746835443038,
        "Liver": 0.5660377358490566,
        "Lung": 0.4691358024691358
      },
      "fold_scores": [
        0.5120089061265531,
        0.5033546246781541,
        0.5256642512077294,
        0.34813329372152896,
        0.5547721800043781
      ]
    },
    "with_specialists": {
      "f1_macro_mean": 0.49014478724364496,
      "f1_macro_std": 0.10669425138609194,
      "per_class": {
        "Control": 0.5405405405405406,
        "Breast": 0.5555555555555556,
        "CRC": 0.3855421686746988,
        "Gastric": 0.4235294117647059,
        "Liver": 0.5882352941176471,
        "Lung": 0.46153846153846156
      },
      "fold_scores": [
        0.522335488866929,
        0.5137426900584795,
        0.5210370511841099,
        0.28772246272246266,
        0.6058862433862434
      ],
      "improvement": 0.0013581360959762367
    }
  },
  "statistical_test": {
    "test": "paired_t_test",
    "t_statistic": 0.07540050794917212,
    "p_value": 0.9435164988762912,
    "significant": false
  }
}