{
  "default": {
    "xgb_params": {
      "n_estimators": 200,
      "max_depth": 6,
      "learning_rate": 0.1,
      "subsample": 0.8,
      "colsample_bytree": 0.8
    },
    "rf_params": {
      "n_estimators": 200,
      "max_depth": null,
      "min_samples_split": 2,
      "min_samples_leaf": 1
    },
    "best_alpha": 0.8,
    "best_f1": 0.4748839069427305,
    "results": {
      "0.3": {
        "f1_macro_mean": 0.43905456292399825,
        "f1_macro_std": 0.019747783989150055,
        "crc_mean": 0.3886480908152735,
        "gastric_mean": 0.34192982456140353,
        "fold_scores": [
          0.42485162647434455,
          0.4746523542963172,
          0.425,
          0.4240601503759398,
          0.4467086834733893
        ]
      },
      "0.5": {
        "f1_macro_mean": 0.4471709763118431,
        "f1_macro_std": 0.0356139255365891,
        "crc_mean": 0.41602167182662536,
        "gastric_mean": 0.31697478991596634,
        "fold_scores": [
          0.43119429590017827,
          0.473697761933056,
          0.40461570593149543,
          0.4240601503759398,
          0.5022869674185463
        ]
      },
      "0.6": {
        "f1_macro_mean": 0.4500231596748625,
        "f1_macro_std": 0.04084415462780867,
        "crc_mean": 0.4254127966976265,
        "gastric_mean": 0.33217432722076684,
        "fold_scores": [
          0.436096256684492,
          0.4941942646277013,
          0.396221322537112,
          0.42291714133819397,
          0.5006868131868132
        ]
      },
      "0.7": {
        "f1_macro_mean": 0.4538931287151102,
        "f1_macro_std": 0.03620834649159494,
        "crc_mean": 0.4328431372549019,
        "gastric_mean": 0.3279638009049774,
        "fold_scores": [
          0.436096256684492,
          0.4941942646277013,
          0.41581196581196583,
          0.42267634326457854,
          0.5006868131868132
        ]
      },
      "0.8": {
        "f1_macro_mean": 0.4748839069427305,
        "f1_macro_std": 0.043520334466687814,
        "crc_mean": 0.447843137254902,
        "gastric_mean": 0.3723076923076923,
        "fold_scores": [
          0.4765520971403325,
          0.54005439005439,
          0.4400326797385621,
          0.4170935545935545,
          0.5006868131868132
        ]
      },
      "0.9": {
        "f1_macro_mean": 0.47156930731234137,
        "f1_macro_std": 0.05607374422517109,
        "crc_mean": 0.45546218487394957,
        "gastric_mean": 0.34336313840957805,
        "fold_scores": [
          0.4765520971403325,
          0.5581683022859494,
          0.40551346801346805,
          0.41692585593514386,
          0.5006868131868132
        ]
      }
    }
  },
  "tuned": {
    "xgb_params": {
      "colsample_bytree": 0.8,
      "learning_rate": 0.1,
      "max_depth": 3,
      "n_estimators": 200,
      "subsample": 1.0
    },
    "rf_params": {
      "max_depth": 6,
      "min_samples_leaf": 2,
      "min_samples_split": 2,
      "n_estimators": 200
    },
    "best_alpha": 0.7,
    "best_f1": 0.46748134606977165,
    "results": {
      "0.3": {
        "f1_macro_mean": 0.4608651204067815,
        "f1_macro_std": 0.030593687259619688,
        "crc_mean": 0.397688338493292,
        "gastric_mean": 0.3783882783882784,
        "fold_scores": [
          0.4532069237951591,
          0.4405044846221317,
          0.5075386142252477,
          0.4210890474048368,
          0.48198653198653196
        ]
      },
      "0.5": {
        "f1_macro_mean": 0.4474361412581226,
        "f1_macro_std": 0.017723380695149137,
        "crc_mean": 0.4063725490196079,
        "gastric_mean": 0.3136507936507936,
        "fold_scores": [
          0.4662037037037037,
          0.43493500536844193,
          0.44993464052287574,
          0.42049889108712635,
          0.4656084656084656
        ]
      },
      "0.6": {
        "f1_macro_mean": 0.4498850672492482,
        "f1_macro_std": 0.020505219624743592,
        "crc_mean": 0.41911764705882354,
        "gastric_mean": 0.3174603174603174,
        "fold_scores": [
          0.4662037037037037,
          0.43493500536844193,
          0.4660294117647059,
          0.4166487498009237,
          0.4656084656084656
        ]
      },
      "0.7": {
        "f1_macro_mean": 0.46748134606977165,
        "f1_macro_std": 0.030619562664249523,
        "crc_mean": 0.42058823529411765,
        "gastric_mean": 0.33497975708502026,
        "fold_scores": [
          0.4762453861591793,
          0.5122766122766123,
          0.4660294117647059,
          0.416481051142513,
          0.46637426900584794
        ]
      },
      "0.8": {
        "f1_macro_mean": 0.4662692248576505,
        "f1_macro_std": 0.030772624357063755,
        "crc_mean": 0.42058823529411765,
        "gastric_mean": 0.3410403631456263,
        "fold_scores": [
          0.4762453861591793,
          0.5122766122766123,
          0.45996880570409987,
          0.416481051142513,
          0.46637426900584794
        ]
      },
      "0.9": {
        "f1_macro_mean": 0.46301617179304805,
        "f1_macro_std": 0.03233217348204874,
        "crc_mean": 0.41843137254901963,
        "gastric_mean": 0.34952824952824957,
        "fold_scores": [
          0.4789181219201503,
          0.5122766122766123,
          0.4415864527629234,
          0.41736036294859824,
          0.4649393090569561
        ]
      }
    }
  },
  "comparison": {
    "f1_difference": -0.007402560872958874,
    "percent_change": -1.5588148523743508,
    "winner": "default"
  }
}