{
  "feature_set": "v3",
  "cv_folds": 5,
  "voting": {
    "f1_macro_mean": 0.4719297799713621,
    "f1_macro_std": 0.03420398410392743,
    "per_class": {
      "Control": 0.5166666666666667,
      "Breast": 0.4634146341463415,
      "CRC": 0.43373493975903615,
      "Gastric": 0.3835616438356164,
      "Liver": 0.5833333333333334,
      "Lung": 0.4594594594594595
    },
    "fold_scores": [
      0.504559147561176,
      0.5122766122766123,
      0.460513468013468,
      0.41736036294859824,
      0.4649393090569561
    ],
    "confusion_matrix": [
      [
        31,
        6,
        10,
        5,
        1,
        3
      ],
      [
        8,
        19,
        6,
        4,
        1,
        2
      ],
      [
        8,
        5,
        18,
        3,
        1,
        5
      ],
      [
        8,
        5,
        5,
        14,
        4,
        4
      ],
      [
        2,
        2,
        0,
        3,
        14,
        3
      ],
      [
        7,
        5,
        4,
        4,
        3,
        17
      ]
    ]
  }
}