{
  "feature_set": "v3",
  "cv_folds": 5,
  "voting": {
    "f1_macro_mean": 0.47339605620296155,
    "f1_macro_std": 0.0654062462988414,
    "per_class": {
      "Control": 0.512396694214876,
      "Breast": 0.4819277108433735,
      "CRC": 0.45569620253164556,
      "Gastric": 0.3380281690140845,
      "Liver": 0.64,
      "Lung": 0.42105263157894735
    },
    "fold_scores": [
      0.4765520971403325,
      0.5581683022859494,
      0.40551346801346805,
      0.3948727317013762,
      0.5318736818736818
    ],
    "confusion_matrix": [
      [
        31,
        7,
        8,
        4,
        1,
        5
      ],
      [
        8,
        20,
        5,
        4,
        1,
        2
      ],
      [
        8,
        4,
        18,
        3,
        1,
        6
      ],
      [
        7,
        8,
        4,
        12,
        4,
        5
      ],
      [
        2,
        1,
        0,
        3,
        16,
        2
      ],
      [
        9,
        3,
        4,
        5,
        3,
        16
      ]
    ]
  }
}